{"cameraMode":{"drawMode":0,"name":"Shaded","section":"Shading Mode"},"sceneLighting":false,"audioPlay":false,"sceneViewState":{"showFog":true,"showMaterialUpdate":false,"showSkybox":false,"showFlares":true,"showImageEffects":true,"showParticleSystems":true},"in2DMode":false,"pivot":{"x":-0.22003979980945588,"y":0.9554327726364136,"z":-0.08697211742401123},"rotation":{"x":-0.31403017044067385,"y":0.020217590034008027,"z":-0.006688688416033983,"w":-0.9491757750511169},"size":4.11435604095459,"orthographic":false}