{"cameraMode":{"drawMode":0,"name":"Shaded","section":"Shading Mode"},"sceneLighting":false,"audioPlay":false,"sceneViewState":{"showFog":true,"showMaterialUpdate":false,"showSkybox":false,"showFlares":true,"showImageEffects":true,"showParticleSystems":true},"in2DMode":false,"pivot":{"x":-0.016894936561584474,"y":0.4883500039577484,"z":-0.10554748773574829},"rotation":{"x":0.16593755781650544,"y":0.8291387557983398,"z":-0.32465800642967226,"w":0.42378655076026919},"size":1.7363028526306153,"orthographic":false}